{
  "version": "v11",
  "frames_total": 806,
  "counts_by_source": {
    "VPR_FALLBACK": 80,
    "NO_FIX": 101,
    "SAT": 625
  },
  "vpr_trigger_rate": 0.22456575682382135,
  "smooth_half_window": 4,
  "smooth_window": 9,
  "raw_error_median_m": 21.07610093695322,
  "raw_error_mean_m": 26.445621526493074,
  "error_median_m": 12.356297261550854,
  "error_mean_m": 21.905510493086705,
  "thresholds": {
    "5": 84,
    "10": 293,
    "15": 475,
    "20": 577,
    "30": 659
  },
  "frame_seconds_mean": 0.5725658212907707,
  "frame_seconds_median": 0.43378472951008007,
  "frame_seconds_max": 2.4412408750504255,
  "frame_seconds_sat_only_mean": 0.4094754203988239,
  "frame_seconds_vpr_mean": 1.1357232829342334,
  "achievable_fps": 1.7465240900087922
}