{
  "version": "v13",
  "frames_total": 831,
  "counts_by_source": {
    "NO_FIX": 72,
    "VPR_FALLBACK": 93,
    "SAT": 666
  },
  "vpr_trigger_rate": 0.19855595667870035,
  "error_median_m": 26.129775273456232,
  "error_mean_m": 32.09444549419333,
  "thresholds": {
    "5": 34,
    "10": 126,
    "15": 196,
    "20": 260,
    "30": 420
  },
  "frame_seconds_mean": 0.5458709056446862,
  "frame_seconds_median": 0.43658387497998774,
  "frame_seconds_max": 2.4649780839681625,
  "frame_seconds_sat_only_mean": 0.4276434953199342,
  "frame_seconds_vpr_mean": 1.0230797255009583,
  "achievable_fps": 1.831934967882153
}