{
  "version": "v14",
  "frames_total": 115,
  "counts_by_source": {
    "VPR_FALLBACK": 38,
    "SAT": 60,
    "NO_FIX": 17
  },
  "vpr_trigger_rate": 0.4782608695652174,
  "smooth_half_window": 2,
  "smooth_window": 5,
  "raw_error_median_m": 15.017059482766303,
  "raw_error_mean_m": 17.5878258658318,
  "error_median_m": 13.02105800951088,
  "error_mean_m": 15.467771335137087,
  "thresholds": {
    "5": 0,
    "10": 22,
    "15": 71,
    "20": 98,
    "30": 107
  },
  "frame_seconds_mean": 0.4612042024853113,
  "frame_seconds_median": 0.24950158293358982,
  "frame_seconds_max": 1.2073691670084372,
  "frame_seconds_sat_only_mean": 0.1983073034013311,
  "frame_seconds_vpr_mean": 0.7480008196678352,
  "achievable_fps": 2.1682369644752937
}