{
  "version": "v14",
  "frames_total": 115,
  "counts_by_source": {
    "SAT": 72,
    "VPR_FALLBACK": 26,
    "NO_FIX": 17
  },
  "vpr_trigger_rate": 0.3739130434782609,
  "error_median_m": 14.512099837385147,
  "error_mean_m": 16.43563381414158,
  "thresholds": {
    "5": 1,
    "10": 21,
    "15": 51,
    "20": 68,
    "30": 93
  },
  "frame_seconds_mean": 0.4765711166410019,
  "frame_seconds_median": 0.24903075001202524,
  "frame_seconds_max": 1.5641039999900386,
  "frame_seconds_sat_only_mean": 0.22462494386450593,
  "frame_seconds_vpr_mean": 0.8984344757086229,
  "achievable_fps": 2.0983227163413973
}