{
  "queries": 115,
  "lightglue_total_seconds": 279.784828749951,
  "lightglue_seconds_per_query": 2.4329115543474,
  "lightglue_image_resize": 512,
  "lightglue_max_keypoints": 512,
  "lightglue_depth_confidence": 0.8,
  "lightglue_width_confidence": 0.9,
  "dino_mean_error_m": 27.16624924385553,
  "dino_median_error_m": 19.43611002854367,
  "dino_p90_error_m": 59.26141735425217,
  "temporal_mean_error_m": 20.338031804640657,
  "temporal_median_error_m": 13.166453409718391,
  "temporal_p90_error_m": 45.31105262605231,
  "temporal_max_error_m": 89.4847589751333,
  "improved_queries": 51,
  "worsened_queries": 33,
  "unchanged_queries": 31
}