{
  "max_rank": 6,
  "min_inliers": 50,
  "min_inlier_ratio": 0.6,
  "min_dino_similarity": 0.98,
  "good_error_m": 20.0,
  "total_frames": 115,
  "accepted_fixes": 37,
  "no_fix_frames": 78,
  "coverage": 0.3217391304347826,
  "coverage_percent": 32.17391304347826,
  "accepted_mean_error_m": 14.328674919220681,
  "accepted_median_error_m": 12.647466456256865,
  "accepted_p90_error_m": 29.43350440416389,
  "accepted_max_error_m": 39.15886616700602,
  "good_fixes": 29,
  "false_fixes": 8,
  "good_fix_rate_among_accepted": 0.7837837837837838,
  "good_fix_rate_among_all_frames": 0.25217391304347825,
  "mean_time_between_fixes_s": 1.9443333333333332,
  "median_time_between_fixes_s": 1.0009999999999986,
  "longest_gap_without_fix_s": 44.006,
  "always_output_mean_error_m": 19.484682935815435,
  "always_output_median_error_m": 15.733289249367191,
  "always_output_good_fix_rate": 0.6173913043478261,
  "selection_min_coverage": 0.3,
  "selection_max_longest_gap_s": 60.0
}