{
  "queries": 806,
  "mean_error_m": 113.46255680104079,
  "median_error_m": 80.19077056829511,
  "p90_error_m": 240.23029479195156,
  "max_error_m": 1010.5380798581734,
  "oracle_top_k_mean_error_m": 66.2475819662557,
  "oracle_top_k_median_error_m": 49.4642670885619,
  "reference_hits": {
    "v12": 152,
    "v14": 24,
    "v13": 630
  }
}