{
  "max_rank": 6,
  "min_inliers": 100,
  "min_inlier_ratio": 0.6,
  "min_dino_similarity": 0.9,
  "good_error_m": 20.0,
  "total_frames": 260,
  "accepted_fixes": 121,
  "no_fix_frames": 139,
  "coverage": 0.4653846153846154,
  "coverage_percent": 46.53846153846154,
  "accepted_mean_error_m": 61.20702779342409,
  "accepted_median_error_m": 36.19022548190252,
  "accepted_p90_error_m": 127.01888484935044,
  "accepted_max_error_m": 128.70847450602054,
  "good_fixes": 38,
  "false_fixes": 83,
  "good_fix_rate_among_accepted": 0.3140495867768595,
  "good_fix_rate_among_all_frames": 0.14615384615384616,
  "mean_time_between_fixes_s": 2.0498916666666664,
  "median_time_between_fixes_s": 1.0010000000000048,
  "longest_gap_without_fix_s": 50.979000000000006,
  "always_output_mean_error_m": 66.2829959961253,
  "always_output_median_error_m": 62.14968387983863,
  "always_output_good_fix_rate": 0.25384615384615383,
  "selection_min_coverage": 0.3,
  "selection_max_longest_gap_s": 60.0
}