{
  "north": 32.10118973232095,
  "south": 32.100026395142066,
  "west": 35.20843505859375,
  "east": 35.209808349609375,
  "zoom": 18,
  "tile_x": 156710,
  "tile_y": 106368,
  "gsd_m": 0.505867587415642
}