{
  "north": 32.10235305468224,
  "south": 32.10118973232095,
  "west": 35.201568603515625,
  "east": 35.20294189453125,
  "zoom": 18,
  "tile_x": 156705,
  "tile_y": 106367,
  "gsd_m": 0.50586114410902
}