{
  "north": 32.108169444214695,
  "south": 32.10700619594571,
  "west": 35.20294189453125,
  "east": 35.204315185546875,
  "zoom": 18,
  "tile_x": 156706,
  "tile_y": 106362,
  "gsd_m": 0.5058289256791562
}