{
  "north": 32.11049589629438,
  "south": 32.10933267766435,
  "west": 35.21392822265625,
  "east": 35.215301513671875,
  "zoom": 18,
  "tile_x": 156714,
  "tile_y": 106360,
  "gsd_m": 0.5058160374222875
}