{
  "north": 32.11165910010451,
  "south": 32.11049589629438,
  "west": 35.2001953125,
  "east": 35.201568603515625,
  "zoom": 18,
  "tile_x": 156704,
  "tile_y": 106359,
  "gsd_m": 0.5058095931042758
}