{
  "north": 32.10235305468224,
  "south": 32.10118973232095,
  "west": 35.204315185546875,
  "east": 35.2056884765625,
  "zoom": 18,
  "tile_x": 156707,
  "tile_y": 106367,
  "gsd_m": 0.50586114410902
}