{
  "north": 32.11165910010451,
  "south": 32.11049589629438,
  "west": 35.204315185546875,
  "east": 35.2056884765625,
  "zoom": 18,
  "tile_x": 156707,
  "tile_y": 106359,
  "gsd_m": 0.5058095931042758
}