{
  "north": 32.108169444214695,
  "south": 32.10700619594571,
  "west": 35.21392822265625,
  "east": 35.215301513671875,
  "zoom": 18,
  "tile_x": 156714,
  "tile_y": 106362,
  "gsd_m": 0.5058289256791562
}