{
  "north": 32.1046796549509,
  "south": 32.103516362225655,
  "west": 35.20294189453125,
  "east": 35.204315185546875,
  "zoom": 18,
  "tile_x": 156706,
  "tile_y": 106365,
  "gsd_m": 0.5058482571163883
}