{
  "north": 32.10351636222566,
  "south": 32.10235305468224,
  "west": 35.209808349609375,
  "east": 35.211181640625,
  "zoom": 18,
  "tile_x": 156711,
  "tile_y": 106366,
  "gsd_m": 0.5058547006759313
}