{
  "north": 32.100026395142066,
  "south": 32.09886304314588,
  "west": 35.20843505859375,
  "east": 35.209808349609375,
  "zoom": 18,
  "tile_x": 156710,
  "tile_y": 106369,
  "gsd_m": 0.5058740305957854
}