{
  "north": 32.10584293285768,
  "south": 32.1046796549509,
  "west": 35.20294189453125,
  "east": 35.204315185546875,
  "zoom": 18,
  "tile_x": 156706,
  "tile_y": 106364,
  "gsd_m": 0.5058418134304032
}