{
  "north": 32.100026395142066,
  "south": 32.09886304314588,
  "west": 35.2056884765625,
  "east": 35.207061767578125,
  "zoom": 18,
  "tile_x": 156708,
  "tile_y": 106369,
  "gsd_m": 0.5058740305957854
}