{
  "north": 32.10700619594571,
  "south": 32.10584293285768,
  "west": 35.209808349609375,
  "east": 35.211181640625,
  "zoom": 18,
  "tile_x": 156711,
  "tile_y": 106363,
  "gsd_m": 0.5058353696179885
}