{
  "north": 32.10351636222566,
  "south": 32.10235305468224,
  "west": 35.21392822265625,
  "east": 35.215301513671875,
  "zoom": 18,
  "tile_x": 156714,
  "tile_y": 106366,
  "gsd_m": 0.5058547006759313
}