{
  "north": 32.111659100104504,
  "south": 32.11049589629438,
  "west": 35.21392822265625,
  "east": 35.215301513671875,
  "zoom": 18,
  "tile_x": 156714,
  "tile_y": 106359,
  "gsd_m": 0.5058095931042758
}