{
  "north": 32.11165910010451,
  "south": 32.11049589629438,
  "west": 35.207061767578125,
  "east": 35.20843505859375,
  "zoom": 18,
  "tile_x": 156709,
  "tile_y": 106359,
  "gsd_m": 0.5058095931042758
}