{
  "north": 32.10933267766435,
  "south": 32.108169444214695,
  "west": 35.211181640625,
  "east": 35.212554931640625,
  "zoom": 18,
  "tile_x": 156712,
  "tile_y": 106361,
  "gsd_m": 0.5058224816139184
}