{
  "north": 32.1046796549509,
  "south": 32.10351636222566,
  "west": 35.209808349609375,
  "east": 35.211181640625,
  "zoom": 18,
  "tile_x": 156711,
  "tile_y": 106365,
  "gsd_m": 0.5058482571163883
}