{
  "north": 32.1046796549509,
  "south": 32.103516362225655,
  "west": 35.20843505859375,
  "east": 35.209808349609375,
  "zoom": 18,
  "tile_x": 156710,
  "tile_y": 106365,
  "gsd_m": 0.5058482571163883
}