{
  "north": 32.10235305468224,
  "south": 32.10118973232095,
  "west": 35.21392822265625,
  "east": 35.215301513671875,
  "zoom": 18,
  "tile_x": 156714,
  "tile_y": 106367,
  "gsd_m": 0.50586114410902
}