{
  "north": 32.108169444214695,
  "south": 32.10700619594571,
  "west": 35.211181640625,
  "east": 35.212554931640625,
  "zoom": 18,
  "tile_x": 156712,
  "tile_y": 106362,
  "gsd_m": 0.5058289256791562
}