{
  "north": 32.10118973232095,
  "south": 32.100026395142066,
  "west": 35.204315185546875,
  "east": 35.2056884765625,
  "zoom": 18,
  "tile_x": 156707,
  "tile_y": 106368,
  "gsd_m": 0.505867587415642
}