{
  "north": 32.103516362225655,
  "south": 32.10235305468224,
  "west": 35.2056884765625,
  "east": 35.207061767578125,
  "zoom": 18,
  "tile_x": 156708,
  "tile_y": 106366,
  "gsd_m": 0.5058547006759313
}