{
  "north": 32.10700619594571,
  "south": 32.10584293285768,
  "west": 35.207061767578125,
  "east": 35.20843505859375,
  "zoom": 18,
  "tile_x": 156709,
  "tile_y": 106363,
  "gsd_m": 0.5058353696179885
}