{
  "north": 32.10933267766435,
  "south": 32.108169444214695,
  "west": 35.20294189453125,
  "east": 35.204315185546875,
  "zoom": 18,
  "tile_x": 156706,
  "tile_y": 106361,
  "gsd_m": 0.5058224816139184
}