{
  "north": 32.100026395142066,
  "south": 32.09886304314588,
  "west": 35.21392822265625,
  "east": 35.215301513671875,
  "zoom": 18,
  "tile_x": 156714,
  "tile_y": 106369,
  "gsd_m": 0.5058740305957854
}