{
  "north": 32.10933267766435,
  "south": 32.108169444214695,
  "west": 35.20843505859375,
  "east": 35.209808349609375,
  "zoom": 18,
  "tile_x": 156710,
  "tile_y": 106361,
  "gsd_m": 0.5058224816139184
}