{
  "north": 32.11049589629438,
  "south": 32.10933267766435,
  "west": 35.2056884765625,
  "east": 35.207061767578125,
  "zoom": 18,
  "tile_x": 156708,
  "tile_y": 106360,
  "gsd_m": 0.5058160374222875
}