{
  "north": 32.103516362225655,
  "south": 32.10235305468224,
  "west": 35.20843505859375,
  "east": 35.209808349609375,
  "zoom": 18,
  "tile_x": 156710,
  "tile_y": 106366,
  "gsd_m": 0.5058547006759313
}