{
  "north": 32.10700619594571,
  "south": 32.10584293285768,
  "west": 35.204315185546875,
  "east": 35.2056884765625,
  "zoom": 18,
  "tile_x": 156707,
  "tile_y": 106363,
  "gsd_m": 0.5058353696179885
}