{
  "north": 32.111659100104504,
  "south": 32.11049589629438,
  "west": 35.212554931640625,
  "east": 35.21392822265625,
  "zoom": 18,
  "tile_x": 156713,
  "tile_y": 106359,
  "gsd_m": 0.5058095931042758
}