{
  "north": 32.10118973232095,
  "south": 32.100026395142066,
  "west": 35.21392822265625,
  "east": 35.215301513671875,
  "zoom": 18,
  "tile_x": 156714,
  "tile_y": 106368,
  "gsd_m": 0.505867587415642
}