{
  "north": 32.100026395142066,
  "south": 32.09886304314588,
  "west": 35.2001953125,
  "east": 35.201568603515625,
  "zoom": 18,
  "tile_x": 156704,
  "tile_y": 106369,
  "gsd_m": 0.5058740305957854
}