{
  "north": 32.103516362225655,
  "south": 32.10235305468224,
  "west": 35.201568603515625,
  "east": 35.20294189453125,
  "zoom": 18,
  "tile_x": 156705,
  "tile_y": 106366,
  "gsd_m": 0.5058547006759313
}