{
  "north": 32.10118973232095,
  "south": 32.100026395142066,
  "west": 35.211181640625,
  "east": 35.212554931640625,
  "zoom": 18,
  "tile_x": 156712,
  "tile_y": 106368,
  "gsd_m": 0.505867587415642
}