{
  "north": 32.11049589629438,
  "south": 32.10933267766435,
  "west": 35.20294189453125,
  "east": 35.204315185546875,
  "zoom": 18,
  "tile_x": 156706,
  "tile_y": 106360,
  "gsd_m": 0.5058160374222875
}