{
  "north": 32.10235305468224,
  "south": 32.10118973232095,
  "west": 35.211181640625,
  "east": 35.212554931640625,
  "zoom": 18,
  "tile_x": 156712,
  "tile_y": 106367,
  "gsd_m": 0.50586114410902
}