{
  "north": 32.09886304314588,
  "south": 32.09769967633269,
  "west": 35.201568603515625,
  "east": 35.20294189453125,
  "zoom": 18,
  "tile_x": 156705,
  "tile_y": 106370,
  "gsd_m": 0.5058804736494378
}