{
  "north": 32.108169444214695,
  "south": 32.10700619594571,
  "west": 35.207061767578125,
  "east": 35.20843505859375,
  "zoom": 18,
  "tile_x": 156709,
  "tile_y": 106362,
  "gsd_m": 0.5058289256791562
}