{
  "north": 32.10118973232095,
  "south": 32.100026395142066,
  "west": 35.20294189453125,
  "east": 35.204315185546875,
  "zoom": 18,
  "tile_x": 156706,
  "tile_y": 106368,
  "gsd_m": 0.505867587415642
}