{
  "north": 32.10584293285768,
  "south": 32.1046796549509,
  "west": 35.211181640625,
  "east": 35.212554931640625,
  "zoom": 18,
  "tile_x": 156712,
  "tile_y": 106364,
  "gsd_m": 0.5058418134304032
}